{"0":["hashes.sh","aefd2c7b42e0db1b64128d4aba3ceaf1a4b22068b2a6e19dfb13b8271cc6a149","bSVK3\/9rQICHlUYX+G6UAuxARcYW0ruce27YBEIh0XXgncAZMle0E5xkZuOHa6Mtw1\/mGnPZBl\/Ma2X7fa1iKhQ43+R73WrL+nU1fYeWZazV2HRDtrDs+EZ5RITMJuFsIIrUWu0zMhLqAWWsd+qqZhmapSe9w4YVPgAqPUwxtBc=","2023-04-20 18:31:52"],"1":["hashes_inventario.txt","6b1536c6beacc1611d53e841c9bb573efbe40451caa6604e82fb897a159ac4f9","bKN5tfGOgAtt7\/\/nBrm8VDpBEXu6O2P6oVZBU1Es6XdG8couqTbL4nW9GWe4SD3KXc9iaTBJK0fmKAXaP4xJuG34jwWct+XyFy2Va\/D49Hb++Ht0dq\/Gmlky8mUDU0J4zrdUgQAD1Txe\/SCxjXQOWnrh9gNgFgqlCNricnKryGI=","2023-04-20 18:31:57"],"2":["KeyGenApp1680120413.zip","af2f90f52fa48f4ce1a7375bda078fd0899508d7732b170b21130a22c134159c","jvLo5hpy0jILJuSTDUms+4s0nQ+4zwfgZgPiMngs8Q5nNItaVJo5B4QRaIqFy7XJ6DWFotyulXc1iFG8kism1druh3mG7J18Sy2Q9g7sRuUvEL0LwwBjbjusZt\/eaQfdhedH5JMREBrm3ecnLTVo5y5yoDrEtTBlZr8Ys7tjfzA=","2023-04-20 18:32:30"],"3":["mixer1680129882.tar","bc7eace98266d8bdb16a4946f281cb00433efa33363aa4f84829d033d31477c9","k7pVxnx+9NfaukqUg05qx1fMp9PnyVsHNCd3ywhb+yWtrbP\/56+VtRjKMaHQ7OBoVdEYQbY3NKUM12wHnzow+o5mVDvjURRYrwRuSbAwFGVekv5xve6SeMIm08QrYNQ9ak7pBqWaW9u7VOQJ41j8nt5g\/4\/jV9XQ7\/rZ2X+1eeA=","2023-04-20 18:32:45"],"4":["oscryptomodule1_01.iso","e1a69321d4e1845a69b5ad7ea6927adfa40cc3301bc6b6710f9806cf237e5bfb","MsWhgfgCHG9RFZOAyPB3+Cii8TwbLJHgDg3f342g6S0RzDgt4q1+m\/0BMykQqklXV+IjUGfAepGyZ9rneBs1I8vWwVAxAEQybMYm89X3bQkOUbL0HOWZ9H8Jg26PwmuAfHy2ZHurdaCzWGect1MzRVBQyMmiwHWjbW\/IPjRc0bY=","2023-04-20 18:34:28"],"nombreCiudad":"Mexico","numeroPares":5,"nombrePrueba":"S2-Final"}